{
  "dataset_csv": "E:\\ML\\silero-python\\classification\\multimodal_training_dataset.csv",
  "num_features": 10,
  "train_rows": 1033,
  "test_rows": 215,
  "cv_accuracy_mean": 0.9387975242038957,
  "cv_f1_macro_mean": 0.9380266730607001,
  "cv_f1_weighted_mean": 0.938855773298817,
  "cv_balanced_accuracy_mean": 0.939255077544378,
  "test_classification_report": {
    "2": {
      "precision": 0.9393939393939394,
      "recall": 0.9538461538461539,
      "f1-score": 0.9465648854961832,
      "support": 130.0
    },
    "3": {
      "precision": 0.927710843373494,
      "recall": 0.9058823529411765,
      "f1-score": 0.9166666666666666,
      "support": 85.0
    },
    "accuracy": 0.9348837209302325,
    "macro avg": {
      "precision": 0.9335523913837167,
      "recall": 0.9298642533936652,
      "f1-score": 0.931615776081425,
      "support": 215.0
    },
    "weighted avg": {
      "precision": 0.9347750409672516,
      "recall": 0.9348837209302325,
      "f1-score": 0.9347446594473044,
      "support": 215.0
    }
  },
  "test_confusion_matrix": [
    [
      124,
      6
    ],
    [
      8,
      77
    ]
  ],
  "feature_columns": [
    "pause_count",
    "total_speech_time",
    "total_pause_time",
    "mean_word_duration",
    "speech_rate_wpm",
    "pause_per_word_ratio",
    "mri_prob_mild_impairment",
    "mri_prob_moderate_impairment",
    "mri_prob_no_impairment",
    "mri_prob_very_mild_impairment"
  ]
}