model,accuracy,precision_control,recall_control,f1_control,precision_mci,recall_mci,f1_mci,macro_f1,weighted_f1,balanced_accuracy,dice_mci,tn,fp,fn,tp,r2,mape_percent,mse,rmse,mae,residual_mean,residual_std,residual_abs_mean,residual_abs_p95
Voice RandomForest,0.8901515151515151,0.8923076923076924,0.8854961832061069,0.888888888888889,0.8880597014925373,0.8947368421052632,0.8913857677902622,0.8901373283395756,0.8901467862142018,0.890116512655685,0.8913857677902621,232,30,28,238,0.6488274351275309,16.95592959215147,0.08778810258512722,0.2962905712052397,0.19560702188330376,0.024763185841171553,0.29525393682747536,0.19560702188330376,0.7028477526775861
Voice SVM (RBF),0.821969696969697,0.8088235294117647,0.8396946564885496,0.8239700374531834,0.8359375,0.8045112781954887,0.8199233716475097,0.8219467045503466,0.8219313762707797,0.8221029673420192,0.8199233716475096,220,42,52,214,0.47006634232471234,22.33683369488912,0.13247581091707608,0.36397226668673,0.2548473041320286,0.02978678281231245,0.362751372825477,0.2548473041320286,0.8647169474596568
Voice LogisticRegression,0.7424242424242424,0.723404255319149,0.7786259541984732,0.75,0.7642276422764228,0.706766917293233,0.734375,0.7421875,0.7421283143939394,0.7426964357458532,0.734375,204,58,78,188,0.38082030766941244,25.954217339529105,0.15478603907650118,0.3934285692174644,0.2958194627964641,0.034311060814845036,0.3919295729876239,0.2958194627964641,0.7709366737504102
Fusion CNN+Voice,0.7234848484848485,0.7265625,0.7099236641221374,0.7181467181467182,0.7205882352941176,0.7368421052631579,0.728624535315985,0.7233856267313516,0.7234253154327503,0.7233828846926476,0.7286245353159851,186,76,70,196,0.29754298475982277,38.12603110209444,0.17560417493872826,0.4190515182393786,0.2762660060473012,-0.10788264066319574,0.404926549860915,0.2762660060473012,0.8692947454750538
