model,r2,mape_percent,mape_nonzero_actual_count,mape_total_count,mse,rmse,mae,residual_mean,residual_std,abs_error_mean,abs_error_p95
Fusion CNN+Voice,0.29754298475982277,38.12603110209444,266,528,0.17560417493872826,0.4190515182393786,0.2762660060473012,-0.10788264066319574,0.404926549860915,0.2762660060473012,0.8692947454750538
