R2,MAPE (%),MSE,RMSE,MAE
0.29754298475982277,38.12603110209444,0.17560417493872826,0.4190515182393786,0.2762660060473012
