bin,n,mean_pred,empirical_pos_rate,abs_gap
0,20,0.08470269292593002,0.0,0.08470269292593002
1,76,0.15534523129463196,0.13157894736842105,0.023766283926210913
2,169,0.24856612086296082,0.3668639053254438,0.11829778446248296
3,61,0.335970938205719,0.45901639344262296,0.12304545523690397
4,20,0.4384888708591461,0.5,0.06151112914085388
5,20,0.540926456451416,0.4,0.140926456451416
6,24,0.639689028263092,0.4166666666666667,0.22302236159642536
9,138,0.9955035448074341,1.0,0.004496455192565918
